vid	Gene.refGene	popmax_freq	PLP.clinvar	PLP.intervar	PLP.impactHigh	PLP.genomel	PLP.m_sp	PLP.jung
4:186317998:C:A	ANKRD37;LRP2BP	0	FALSE	FALSE	FALSE	FALSE	FALSE	FALSE
4:186318030:C:T	ANKRD37;LRP2BP	0	FALSE	FALSE	FALSE	FALSE	FALSE	FALSE
4:186318071:G:A	ANKRD37;LRP2BP	1e-4	FALSE	FALSE	FALSE	FALSE	FALSE	FALSE
4:186318186:G:A	LRP2BP	0	FALSE	FALSE	FALSE	FALSE	FALSE	FALSE
4:186318261:G:A	LRP2BP	8e-4	FALSE	FALSE	FALSE	FALSE	FALSE	FALSE
4:186318265:A:G	LRP2BP	6.841e-5	FALSE	FALSE	FALSE	FALSE	FALSE	FALSE
4:186318282:T:TG	LRP2BP	0	FALSE	FALSE	FALSE	FALSE	FALSE	FALSE
4:186318376:C:G	ANKRD37	3.898e-5	FALSE	FALSE	FALSE	TRUE	FALSE	FALSE
4:186318414:T:G	ANKRD37	0.0076	FALSE	FALSE	FALSE	FALSE	FALSE	FALSE
4:186318482:C:T	ANKRD37	0.1368	FALSE	FALSE	FALSE	FALSE	FALSE	FALSE
4:186318502:G:T	ANKRD37	0	FALSE	FALSE	FALSE	FALSE	FALSE	FALSE
4:186318536:G:T	ANKRD37	0	FALSE	FALSE	FALSE	FALSE	FALSE	FALSE
4:186319754:T:C	ANKRD37	0	FALSE	FALSE	FALSE	FALSE	FALSE	FALSE
4:186319793:A:G	ANKRD37	0	FALSE	FALSE	FALSE	FALSE	FALSE	FALSE
4:186319924:C:A	ANKRD37	0	FALSE	FALSE	FALSE	FALSE	FALSE	FALSE
4:186319948:C:CA	ANKRD37	0	FALSE	FALSE	FALSE	FALSE	FALSE	FALSE
4:186319948:C:CAA	ANKRD37	0	FALSE	FALSE	FALSE	FALSE	FALSE	FALSE
4:186319948:C:CAAA	ANKRD37	0	FALSE	FALSE	FALSE	FALSE	FALSE	FALSE
4:186319948:CA:C	ANKRD37	0	FALSE	FALSE	FALSE	FALSE	FALSE	FALSE
4:186319948:CAA:C	ANKRD37	0	FALSE	FALSE	FALSE	FALSE	FALSE	FALSE
4:186319948:CAAA:C	ANKRD37	0	FALSE	FALSE	FALSE	FALSE	FALSE	FALSE
4:186320079:T:C	ANKRD37	0.0874	FALSE	FALSE	FALSE	FALSE	FALSE	FALSE
4:186320283:G:A	ANKRD37	0	FALSE	FALSE	FALSE	FALSE	FALSE	FALSE
4:186320386:C:CA	ANKRD37	0	FALSE	FALSE	FALSE	FALSE	FALSE	FALSE
4:186320455:G:A	ANKRD37	0	FALSE	FALSE	FALSE	FALSE	FALSE	FALSE
4:186320493:TA:T	ANKRD37	0	FALSE	FALSE	FALSE	FALSE	FALSE	FALSE
4:186320666:TA:T	ANKRD37	0	FALSE	FALSE	FALSE	FALSE	FALSE	FALSE
4:186320880:A:G	ANKRD37	0.1477	FALSE	FALSE	FALSE	FALSE	FALSE	FALSE
4:186320890:G:A	ANKRD37	0.0159	FALSE	FALSE	FALSE	FALSE	FALSE	FALSE
4:186320906:C:G	ANKRD37	0.1566	FALSE	FALSE	FALSE	FALSE	FALSE	FALSE
4:186320972:CTT:C	UFSP2	0.0382	FALSE	FALSE	FALSE	FALSE	FALSE	FALSE
4:186321067:C:T	UFSP2	0	FALSE	FALSE	FALSE	FALSE	FALSE	FALSE
4:186321071:C:A	UFSP2	0	FALSE	FALSE	FALSE	FALSE	FALSE	FALSE
4:186321157:G:GT	UFSP2	0.001	FALSE	FALSE	FALSE	FALSE	FALSE	FALSE
4:186321161:T:C	UFSP2	3e-4	FALSE	FALSE	FALSE	FALSE	FALSE	FALSE
4:186321234:T:C	ANKRD37;UFSP2	0	FALSE	FALSE	FALSE	FALSE	FALSE	FALSE
4:186321282:C:T	ANKRD37;UFSP2	0	FALSE	FALSE	FALSE	FALSE	FALSE	FALSE
4:186321351:T:C	ANKRD37;UFSP2	0	FALSE	FALSE	FALSE	FALSE	FALSE	FALSE
4:186321365:C:A	ANKRD37;UFSP2	0	FALSE	FALSE	FALSE	FALSE	FALSE	FALSE
4:186321386:G:A	ANKRD37;UFSP2	0	FALSE	FALSE	FALSE	FALSE	FALSE	FALSE
4:186321447:C:G	UFSP2	0	FALSE	FALSE	FALSE	FALSE	FALSE	FALSE
4:186321541:A:G	UFSP2	3e-4	FALSE	FALSE	FALSE	FALSE	FALSE	FALSE
4:186321583:T:C	UFSP2	8.77e-5	FALSE	FALSE	FALSE	TRUE	TRUE	TRUE
4:186321686:C:CA	UFSP2	0	FALSE	FALSE	FALSE	FALSE	FALSE	FALSE
4:186321777:A:T	UFSP2	0	FALSE	FALSE	FALSE	FALSE	FALSE	FALSE
4:186321789:C:A	UFSP2	0	FALSE	FALSE	FALSE	FALSE	FALSE	FALSE
4:186321790:G:A	UFSP2	0	FALSE	FALSE	FALSE	FALSE	FALSE	FALSE
4:186321862:A:G	UFSP2	0	FALSE	FALSE	FALSE	FALSE	FALSE	FALSE
4:186324354:C:G	UFSP2	0	FALSE	FALSE	FALSE	FALSE	FALSE	FALSE
4:186324405:G:T	UFSP2	0	FALSE	FALSE	FALSE	FALSE	FALSE	FALSE
4:186324409:C:T	UFSP2	0	FALSE	FALSE	FALSE	FALSE	FALSE	FALSE
4:186324440:T:C	UFSP2	0	FALSE	FALSE	FALSE	FALSE	FALSE	FALSE
4:186324503:C:T	UFSP2	0	FALSE	FALSE	FALSE	FALSE	FALSE	FALSE
4:186324504:G:A	UFSP2	0	FALSE	FALSE	FALSE	FALSE	FALSE	FALSE
4:186324637:T:C	UFSP2	0.1767	FALSE	FALSE	FALSE	FALSE	FALSE	FALSE
4:186324784:A:G	UFSP2	4e-4	FALSE	FALSE	FALSE	FALSE	FALSE	FALSE
4:186324841:T:A	UFSP2	0	FALSE	FALSE	FALSE	FALSE	FALSE	FALSE
4:186324924:G:C	UFSP2	0	FALSE	FALSE	FALSE	FALSE	FALSE	FALSE
4:186324941:ATG:A	UFSP2	0	FALSE	FALSE	FALSE	FALSE	FALSE	FALSE
4:186324953:CCT:C	UFSP2	0	FALSE	FALSE	FALSE	FALSE	FALSE	FALSE
4:186325067:C:A	UFSP2	0	FALSE	FALSE	FALSE	FALSE	FALSE	FALSE
4:186325073:C:T	UFSP2	0	FALSE	FALSE	FALSE	FALSE	FALSE	FALSE
4:186326693:T:C	UFSP2	0	FALSE	FALSE	FALSE	FALSE	FALSE	FALSE
4:186326724:C:T	UFSP2	0	FALSE	FALSE	FALSE	FALSE	FALSE	FALSE
4:186326771:A:G	UFSP2	0	FALSE	FALSE	FALSE	FALSE	FALSE	FALSE
4:186326862:TTAAA:T	UFSP2	0	FALSE	FALSE	FALSE	FALSE	FALSE	FALSE
4:186326935:G:C	UFSP2	2e-4	FALSE	FALSE	FALSE	TRUE	FALSE	FALSE
4:186327012:T:G	UFSP2	1.759e-5	FALSE	FALSE	TRUE	TRUE	TRUE	TRUE
4:186327018:G:T	UFSP2	0.0041	FALSE	FALSE	FALSE	FALSE	FALSE	FALSE
4:186327114:C:T	UFSP2	0.0012	FALSE	FALSE	TRUE	TRUE	FALSE	TRUE
4:186327213:A:C	UFSP2	0	FALSE	FALSE	FALSE	FALSE	FALSE	FALSE
4:186327233:C:G	UFSP2	0	FALSE	FALSE	FALSE	FALSE	FALSE	FALSE
4:186327311:C:G	UFSP2	0	FALSE	FALSE	FALSE	FALSE	FALSE	FALSE
4:186328755:TAA:T	UFSP2	0	FALSE	FALSE	FALSE	FALSE	FALSE	FALSE
4:186328763:T:G	UFSP2	0	FALSE	FALSE	FALSE	FALSE	FALSE	FALSE
4:186328910:C:A	UFSP2	0	FALSE	FALSE	FALSE	FALSE	FALSE	FALSE
4:186328911:C:A	UFSP2	0	FALSE	FALSE	FALSE	FALSE	FALSE	FALSE
4:186328911:C:CA	UFSP2	0	FALSE	FALSE	FALSE	FALSE	FALSE	FALSE
4:186328911:C:CAA	UFSP2	0	FALSE	FALSE	FALSE	FALSE	FALSE	FALSE
4:186328920:AT:A	UFSP2	0	FALSE	FALSE	FALSE	FALSE	FALSE	FALSE
4:186329007:G:A	UFSP2	0	FALSE	FALSE	FALSE	FALSE	FALSE	FALSE
4:186329020:C:T	UFSP2	0	FALSE	FALSE	FALSE	FALSE	FALSE	FALSE
4:186329020:CTATTA:TTTTTT	UFSP2	0	FALSE	FALSE	FALSE	FALSE	FALSE	FALSE
4:186329022:A:T	UFSP2	0	FALSE	FALSE	FALSE	FALSE	FALSE	FALSE
4:186329025:A:T	UFSP2	0	FALSE	FALSE	FALSE	FALSE	FALSE	FALSE
4:186329030:A:T	UFSP2	0	FALSE	FALSE	FALSE	FALSE	FALSE	FALSE
4:186329081:T:G	UFSP2	0	FALSE	FALSE	FALSE	FALSE	FALSE	FALSE
4:186329200:G:A	UFSP2	5.652e-5	FALSE	FALSE	FALSE	FALSE	FALSE	FALSE
4:186329220:T:C	UFSP2	0.241	FALSE	FALSE	FALSE	FALSE	FALSE	FALSE
4:186329247:C:T	UFSP2	0	FALSE	FALSE	FALSE	FALSE	FALSE	FALSE
4:186329295:C:A	UFSP2	0	FALSE	FALSE	FALSE	FALSE	FALSE	FALSE
4:186329430:G:C	UFSP2	6.711e-5	FALSE	FALSE	FALSE	TRUE	TRUE	TRUE
4:186329458:C:T	UFSP2	0.0099	FALSE	FALSE	FALSE	FALSE	FALSE	FALSE
4:186329489:C:G	UFSP2	0.042	FALSE	FALSE	FALSE	FALSE	FALSE	FALSE
4:186329821:A:C	UFSP2	0	FALSE	FALSE	FALSE	FALSE	FALSE	FALSE
4:186334640:A:C	UFSP2	0	FALSE	FALSE	FALSE	FALSE	FALSE	FALSE
4:186334725:T:C	UFSP2	0	FALSE	FALSE	FALSE	FALSE	FALSE	FALSE
4:186334799:A:G	UFSP2	0	FALSE	FALSE	FALSE	FALSE	FALSE	FALSE
4:186335044:C:A	UFSP2	0	FALSE	FALSE	FALSE	FALSE	FALSE	FALSE
4:186335047:C:A	UFSP2	9.19e-5	FALSE	FALSE	FALSE	FALSE	FALSE	FALSE
